SignalSpiked,ConcSpiked,Signal,SignalSpikedIS,SignalIS,ConcIS,RecoveryMean,RecoverySD
731224,80,308023,801713,801713,500,0.9820614,0.0852387
729166,80,306463,876221,876221,500,0.9820614,0.0852387
728650,80,307007,656446,656446,500,0.9820614,0.0852387
730096,80,306885,808396,808396,500,0.9820614,0.0852387
728849,80,306368,808397,808397,500,0.9820614,0.0852387
728552,80,306817,808398,808398,500,0.9820614,0.0852387
731476,80,306620,808399,808399,500,0.9820614,0.0852387
728966,80,306293,808400,808400,500,0.9820614,0.0852387
